Product_number;Product_description;M-Check Packaging
274460003300;Kartoffeln festkochend 2.5kg;5
274450003300;Kartoffeln mehligkochend 2.5kg;5
265384102300;Bio Trauben gemischt kernlos;4
265383002300;Bio Trauben weiss kernlos;4
235300383000;Bio Pastrami     MAXI;2
233600501000;Bio Quick Chaemi Nierst.;4
233600211000;Bio Quick Chaemi Schuefel;4
233520611000;Bio Bratspeck   MIDI;3
233520183000;Bio Speckwuerfeli Carlino;3
233520182500;SE Bio Speckwuerfeli 4x60 ( 2*55 g ! );3
233120291700;SE Bio Landrauchschinken;2
233120291600;Bio LandrauchschinkenMAXI;2
233120075000;Bio Kirschcarree;2
233110166200;Bio Bauern-Speck MINI;2
233100280500;Bio App Mostbroeckli Midi;2
233022270000;Bio Coppa MAXI;2
233011586200;SE Bio VS Rohschinken;2
233011586100;Bio Rohschinken VS FRESH;2
233011586000;Bio IGP Wall Rohsch MAXI;1
233011083500;Bio Buend.Rohschink.MAXI;1
233011081000;SE Bio Buend. Rohschinken;1
233001058000;SE Bio Hobelfleisch;2
233001054000;Bio Hobelfleisch;2
233000785500;Bio IGP VS Trockenfl MAXI;1
232300185700;SE Bio Salami   MAXI;2
232300185300;Bio Salami   MAXI;2
232103001500;Bio Pork Sticks 5x18g;3
231525586100;Bio Pouletbrust 100g;2
231525583100;Bio Pouletbrust      MAXI;2
231510582000;Bio Gewuerzschinken MAXI;2
231505808300;SE Bio Chaemischinken;2
231505808100;Bio Chaemischinken   MAXI;2
231500182000;Bio Hinter-Schin.wuerfeli;3
231040881000;Bio Ofenfleischkaese;2
230510051200;Bio Schw.-Wuerstli 2Paar;4
230510051000;Bio GRI Kaesewuer 8SVAC;4
230500250100;Bio Wienerli 2x2vac;4
230500151200;Bio Cervelas 2x100g;4
230114080000;Bio Cipollata 8 Stk.;4
230110008500;Bio Bratwurst/Cervela Mix;4
230110008100;Bio Bratwurst 2STK;4
230104061900;Bio Saucisson Grille 180g;3
227250015020;Bio S-Saltimbocca 2 STK;3
227221020020;Bio R-Fleischvoegel;3
227220022020;Bio R-Hamburger 2Stk;3
220662000020;Bio S-Filet ganz 1Stk;3
220658010020;Bio S-Halssteak gewuerzt;3
220654010020;Bio S-Koteletten 1Stk;3
220651510020;Bio S-Cordon Bleu Nierst.;3
220650340020;SE Bio S-Nierstue hd 8Stk;3
220650330120;SE Bio S-Nierst.Steak 2St;3
220650330020;Bio S-Nierstue hd 4-5Stk;3
220636555520;SE Bio S-Carreerip. gew.;3
220624020020;Bio S-Geschnetzelt 2-300g;3
220260010040;Bio WB R-Entrecote 1Stk;3
220250020040;Bio WB R-Plaetzli 2Stk;2
220224020040;Bio WB R-Geschnetz 2-300g;3
220222030040;Bio WB R-Voressen 25-300g;3
220220055592;SE Bio R-Hackfl IMP;3
220220030020;Bio R-Hackfleisch ca.300g;3
162052200000;BIO ROESTIKROKETTEN 300G;4
162026500000;BIO KNOSPE FRITES 500G;4
162026100000;BIO KNOSPE WEDGES 500G;4
161625000000;SE BIO HACKSPINAT 2X;4
161622900000;BIO BLATTSPINAT 500G;4
161622100000;BIO RAHMSPINAT 500G;4
161621800000;BIO HACKSPINAT 500G;4
161430300000;BIO MARRONI 400G;4
160574300000;V-Love Strawberry Cone;3
160574100000;V-Love Almond Stick ;3
160573900000;V-Love Coco Chocolate Lutscher;3
160573700000;V-Love Chocolate Cone;3
160566400000;Cold Brew Coffee Lutscher;3
160408200000;V-Love Coco Pralinés;2
160401400000;CHOQUELLO PRALINE 8ST;3
160392900000;AHA GLACE VANILLE 1L;2
160392700000;AHA CORNET VAN. 6X120ML;2
160381800000;BIO K SCHOKO 450ML DS;3
160381700000;BIO K VANILLE 450ML DS;3
160381600000;BIO K VANILLE 1L DS;3
160320200000;CREMDOR CORNET COFFEE 6ST;3
160319600000;M-CLAS VACHERIN 150ML;2
160319500000;M-CLAS BANANA SPLIT 150ML;2
160319400000;M-CLAS AMARENA 150ML;2
160319300000;M-CLAS ICE COFFEE 165ML;2
160319200000;M-CLAS CAPPUCCINO 165ML;2
160319100000;M-CLAS JAPONAIS 165ML;2
160315800000;M-SELEC PRAL. MARC CHAMP.;2
160310200000;FUN CORN MINI VAN/CHOC.;3
160310000000;FUN CORN.PETIT VAN./ERDB.;2
160309600000;FUN CORNET COLORETTO 8ST;2
160308800000;FUN CORNET ERDBEER 8ST;3
160308600000;FUN CORNET CHOCOLAT 8ST;3
160308400000;FUN CORNET VANILLE 8ST;3
160308200000;SE FUN VAN/ERD CORNET 16X;3
160306200000;BIO M-SELEC SOR.ZIT.120ML;2
160216600000;V-Love Vanilla;3
130863200000;VL Muesli Classic 200g;3
130815300000;AB Crunchymue.Erdbeer300g;3
130813200000;Bio Birchermuesli 300g;3
130812800000;YOU Birchermuesli 300g;3
130812000000;AB Bircherm. Winter 300g;3
130811800000;AB LE Bircherm. Som. 300g;3
130811700000;AB LE Bircher. Frue. 300g;3
130811600000;AB Birchermuesli 300g;3
130379900000;VL Lentil Salad 250g;3
130379800000;VL Salad Edamame 250g;3
130379600000;VL Asia Noodlesalat 250g;3
130360000000;MB Pastas. Schinken  300g;4
130316100000;MB Kartoffelsalat    525g;4
130313500000;Bio Linsensalat 210g;4
130313400000;Bio Randensalat      200g;4
130311700000;ABV UF Taboules. Mang300g;3
130311400000;ABV UF Eblysal.Gemues300g;3
130311200000;AB Maissalat 180g;3
130311100000;AB Selleriesalat 180g;3
130311000000;AB Hoernlisalat 180g;3
130310900000;AB Kartoffelsalat 180g;3
130310000000;AB Pastasalat Caprese300g;3
130309900000;AB Coleslawsalat     250g;3
130309600000;AB MSC Crevettensalat190g;4
130309200000;AB Selleriesalat     300g;4
130309100000;AB Karottensalat     250g;4
130309000000;AB Gurkensalat       300g;4
130308900000;AB Taboule Oriental 250g;4
130308500000;AB Pouletsalat 300g;4
130308400000;AB Cerv.-Kaese Salat 280g;4
130308200000;AB Russischer Salat  300g;4
130308100000;AB Maissalat         300g;4
130308000000;AB Kartoffelsalat    300g;4
121513500000;Sirup Winterzauber m. Glühweinaroma 75cl;4
113373200000;M-Classic Schwarzwäldertorte;2
111922200000;IP Fonduebrot;3
111915100000;IP Butterzopf 550g;4
111913500000;IP Pain Sarment 300g;3
111912000000;IP Pain Sarment rustique;3
111900200000;M-CLAS IP Buttergipfel 240g;3
106273900000;M-CLAS PANIERMEHL 300G BTL;4
105387200000;SQ HASELNUESSE 200G;4
105385800000;SQ MANDELN 200G;4
105362500000;SQ NUSSMISCHUNG 200G;4
105354000000;SQ PECANNUESSE 150G BTL;4
105351200000;SQ MACADAMIANUESSE 150G;4
105350500000;SQ NUSSMISCHUNG GEROE 170G;4
105350400000;SQ MANDELN GEROESTET 200G;4
105350300000;SQ HASELNUESSE GEROES 200G;4
105330200000;M-Cla Pistazienkerne 60g;3
105320000000;SQ CASHEWNUESSE 200G BTL;4
105319100000;SQ MAX HAV PARANUESSE;4
105317400000;SQ WALNUSSKERNE 130G BTL;3
105286500000;SQ MANGOSCHNITZE 200G;3
105271300000;SQ KOKOSSCHNITZE 100G;3
105260100000;BIO Sultaninen 400g;4
105255700000;SQ CHERRY PICKER 170G;4
105255000000;SQ CHOCO FRUITS NUTS MIX 170G;4
105251000000;M-CLAS PFLAUMEN 300G BTL;4
105240800000;YOU Protein Mix 170g;3
105240100000;SQ SOFT FRUIT PFLAUM.250G;3
105232000000;SQ FEIGEN SMYRNA 500G BTL;4
105222200000;SQ PFLAUMEN 300G BTL;4
105222100000;SQ TUERK. APRIKOSEN;4
105222000000;SQ APFELSTUECK 200G BTL;3
105221500000;SQ MEDJOOL DATTELN 227G;2
105220800000;SQ MISCHOBST;3
105220600000;SQ ISLAND HOPPER 170G;4
105220000000;SQ DATTELN 300G BTL;4
105211900000;SQ CRANBERRY & NUTS 200G;4
105211800000;SQ STUDENTENFUTTER;4
105207600000;SQ CASHEW & CRANBERRY 170G;4
105207500000;SQ CRANBERRIES 200G;4
105207300000;M-CLAS TUERK. APRIKOSEN;4
105205000000;SQ APRIKOSEN GETR200G BTL;4
105202500000;M-CLAS APFELSTUECK 250G BTL;3
105202400000;SQ ANANASRINGE 100G BTL;3
105000700000;BIO K DOERRBOHNEN 100G;3
104488100000;BIO K KARTOFFELSTOCK 50G;3
104488000000;BIO K KARTOFFELSTOCK 2X95;2
104486000000;V-LOVE ERBSEN SCHNETZEL;3
104484000000;MIFLOC INSTANT 3X50G;1
104478400000;MIFLOC MIT KUERBIS 2X95G;2
104476700000;SE MIFLOC KART.STOCK 5X95;2
104476400000;MIFLOC INSTANT 4X110G;2
104476300000;MIFLOC KART.STOCK 4X95G;2
104221800000;M-CLAS OAT RINGS 500G;3
102714000000;Patissier Pistazien gehackt 35g;3
102535200000;CUP LOVERS MUFFIN CAKE;3
102535100000;CUP LOVERS BROWNIE;3
102530000000;HOMEMADE MARMOR CAKE;3
102525700000;HOMEMADE CUPCAKES;3
102523300000;Bärentatzen Schnitte;3
102523100000;HOMEMADE MUFFINS;3
102523000000;HOMEMADE BROWNIES;3
102522900000;HOMEMADE RUEEBLITORTE;3
102522800000;HOMEMADE TIROLER CAKE;3
102522600000;HOMEMADE VULCANO;3
102522400000;HOMEMADE CHOKO CAKE;3
102522100000;HOMEMADE ZITRONEN CAKE;3
102522000000;HOMEMADE WHITE BROWNIES;3
102502300000;HOMEMADE FUN CAKE;3
102501800000;HOMEMADE PANCAKES;3
102501000000;HOMEMADE APFELKUCHEN;3
101942400000;FARM CHIPS WAVE CR.FRAICH;3
101942300000;FARM CHIPS WAVE BACON;3
101942000000;FARM CHIPS TORTI. RIBELM.;3
101939700000;FARM CHIPS WAVE PAPRIKA;3
101938900000;SE FARM CHIPS WAVE PAPR.;3
101938700000;FARM CHIPS CH-KRAEUT. 30G;3
101938500000;FARM CHIPS WAVE MILD CHI.;3
101938300000;SE FARM CHIPS ROSMAR.300G;3
101938200000;SE FARM CHIPS BLUE/NATURE;3
101938100000;SE FARM CHIPS CH-KRAEUTER;3
101938000000;SE FARM IPS CHIPS NATURE;3
101935500000;FARM CHIPS ROSMARIN 150G;3
101935400000;FARM CHIPS RANDEN&NATURE;3
101935100000;FARM CHIPS CH-KRAEUTER;3
101935000000;FARM CHIPS IPS NAT. 150G;3
101939900000;Farm Chips Wave IPS Liebstöckl;3
101937600000;Farm Chips Wave IPS Meerrettich;3
101419400000;SQ HASELNUESSE GEROES RA 200G;4
101417300000;SQ SS MIX MAIS HASELNUSS;3
101417200000;SQ SS MIX CASHEW MANDEL;3
101417100000;SQ SS MIX CURRY CASHEW;3
101417000000;SQ SS MANDEL PAPAYA;3
101416800000;M-SEL Salted Caramel Mandeln 140g;3
101416700000;M-SEL Baru Nuss geröstet gesalzen 130g;3
101413600000;SE SQ NUSS-SINFONIE 340G;4
101413400000;SE SQ CASHEWNUESSE 340G;4
101413300000;SE SQ NUSSMISCHUNG 340G;4
101411600000;SQ Prem LE Pistazien Cranberry 170g;3
101409400000;SQ NUSSMISCHUNG CURRY;3
101408300000;SQ PAPRIKA-CASHEWNUESSE;3
101405400000;SQ MACADAMIANUESSE 125G;3
101403200000;SQ PISTAZIEN GESCHAELT;3
101402600000;SQ Nussmischung geröstet 170G;4
101402500000;SQ MANDELN GEROESTET 200G;4
101402400000;SQ SALZMANDELN 170G;3
101402300000;SQ RAUCHMANDELN 170G;3
101401700000;SQ CASHEWNUESSE 170G;3
101400700000;SQ PEKANNUESSE 170G;3
101400600000;SQ NUSSMISCHUNG 170G;3
101400200000;SQ NUSS-SINFONIE 170G;3
101400100000;SQ NUSSMIX BASILIK. ZITR.;3
100541800000;BUNNY FAMILY DUO 110G;2
100516600000;BUNNY NOIR 55G;3
100512800000;O-NEST.BUNNY&FLINI EILI;3
100502400000;BUNNY MILCH FARBIG 900G;3
100502300000;BUNNY MILCH FARBIG 55G;3
100502200000;FREY BUNNY MILCH MINI;2
100502100000;FREY BUNNY MILCH STANGE;2
100502000000;BUNNY&FLINI OSTERMISCHUNG;3
100501600000;BUNNY MILCH FARBIG 170G;4
100138700000;C. NECAAYO NOIR 65% ZITRONE 100G;2
100138600000;C. NECAAYO NOIR 65% 100G;2
100138500000;C. NECAAYO MILCHSCHOKOLADE CARAMEL-NOUGAT 100G;2
100138400000;C. NECAAYO MILCHSCHOKOLADE 100G;2
161623100000;BIO K HACKSPINAT 500G;4
161623300000;BIO K RAHMSPINAT 500G;4
161623500000;BIO K BLATTSPINAT 500G;4
161625200000;SE BIO K HACKSPINAT 2X;4
161615400000;M-BUD RAHMSPINAT 800G;4
153225300000;M-Bud Tomatensauce 500ml;4
104485300000;Rösti mit Süsskartoffeln;4
164024700000;V-LOVE VEGAN BALLS 300G;3
111411600200;FH IP BASLER-BROT 250G HB;4
111011200200;FH ADR ZH IP HOLZFAELLERBR. RUCH 250G HB;4
111021200200;FH ADR ZH IP HOLZFAELLERBROT 250G HB;4
111441700200;FH IP CENTERBROT 250G HB;4
111419100200;FH ADR IP HOLZFAELLERBROT 250G HB;4
111436100200;FH ADR GE GRTA HOLFAELLERBROT 250G HB;4
111120900200;FH ADR VD IP GESELLENBROT 250G HB;4
111411600270;FH ADR LU BASLER-BROT 250G HB;4
111401400200;FH IP BUTTERZOPF 300G HB;4
111403400200;FH ADR AA IP HUUSBROT 300G HB;4
111443000200;FH IP MAILAENDER BROT HB;4
111457700200;FH ADR GE GRTA MAILAENDERBROT 300G HB;4
111442800200;FH MAISFELDBROT HB;4
111401400270;FH ADR LU BUTTERZOPF 300G HB;4
111421100200;FH ADR LU IP BUTTERWEGGEN 300G HB;4
111420100200;FH BURGUNDER-BROT HB;4
111403300200;FH ADR VD IP CENTERBROT 330G HB;4
111442400200;FH IP KARTOFFELBR. NUSS 350G HB;4
111401900200;FH ADR AA IP BESTER BUTTERZOPF 350G HB;4
111430900200;FH ADR LU IP DINKELBROT HB;4
111430900210;FH DINKELBROT 350G HB LU;4
111474300200;FH BIO SONNENKRANZ 360G HB;4
111112000200;FH IP CRUSTA BAGUETTE 360G HB;4
111159200200;FH ADR AA IP CRUSTA BAGUETTE 360G HB;4
111140000200;FH ADR GE GRTA GENFERBROT HB;4
111111200200;FH ADR GE GRTA LA CLEMENCE HB;4
111406700200;FH ADR VD PAIN DE LA VENOGE 360G HB;4
111151200200;FH IP PANE PASSIONE RUSTICO 380G HB;4
111457900200;FH ADR IP KRUSTENKRANZ 400G HB;4
111481800200;FH IP TESSINERBROT HELL 400G HB;4
111188100200;FH BIO FLUTES 400G HB;4
111458800200;FH ADR GE GRTA KRUSTENKRANZ 400G HB;4
111474200200;FH BIO SONNENHOF-BROT 400G HB;4
111440000200;FH ADR AA IP LANDBROT 400G HB;4
111486900200;FH IP VOLLKORN-LANDBROT 400G HB;4
111481800270;FH ADR LU TESSINERBROT 400G HB;4
111413700200;FH MARRONI-BROT 400G HB;4
111488300200;FH IP BAUMNUSSBROT 400G HB;4
111473500200;FH ADR ZH BUUREBROT DUNKEL 400G HB;4
111410800200;FH ADR ZH BUTTERWEGGEN 400G HB;4
111439900200;FH IP KORN-FIT-BROT 400G HB;4
111435800200;FH MAISERNTEBROT RUND 400G HB;4
111478700200;FH ADR IP ZH EINKORN DINKEL BROT 400G HB;4
111418600200;FH IP ZUMIKER BROT 400G HB;4
111466300200;FH IP HERCULES CLASSICO VIERTEL 410G HB;4
111446400200;FH IP NUSSBROT HB;4
111402000200;FH IP BUTTERZOPF 500G HB;4
111459300200;FH ADR HOLZFAELLERBROT 500G HB;4
111011800200;FH ADR ZH IP HOLZFAELLERBR. RUCH 500G HB;4
111411500200;FH IP BASLER-BROT 500G HB;4
111459100200;FH ADR AA IP CENTERBROT 500G HB;4
111471200200;FH ADR AA IP SEELAENDER-BROT 500G HB;4
111455100200;FH IP HUUSBECK SAUERTEIGBROT 500G HB;4
111488600200;FH IP CENTERBROT 500G HB;4
111402000270;FH ADR LU BUTTERZOPF 500G HB;4
111411900200;FH ADR AA IP BERNER-BROT RUCH 500G HB;4
111403100200;FH ADR ZH ZUERCHER BUTTERZOPF 500G HB;4
111488400200;FH BIO FOUGASSE 500G HB;4
111411500270;FH ADR LU BASLER-BROT 500G HB;4
111472100270;FH ADR LU ST. GALLERBROT HB;4
111402300200;FH ADR AA GOTTHELF SPECKZOPF 500G HB;4
111421200200;FH ADR LU IP BUTTERWEGGEN 500g HB;4
111124400200;FH ADR VS IP RUCHBROT CARRE 500G HB;4
111492800200;FH IP UR-ACKERKORN BROT 500G HB;4
111447600200;FH ADR AA IP OBERAARGAUER-BROT 500G HB;4
111472100200;FH IP ST.GALLER-BROT RUCH HB;4
111493300200;FH DINKELBROT 500G HB;4
111407000200;FH ADR AA IP HUUSBROT 600G HB;4
111403900200;FH ADR AA IP BESTER BUTTERZOPF 650G HB;4
111404000200;FH IP BUTTERZOPF 700G HB;4
111404000270;FH ADR LU BUTTERZOPF 700G HB;4
111466200200;FH IP HERCULES CLASSICO HALB 850G HB;4
111405000200;FH IP BUTTERZOPF 930G HB;4
111405000270;FH ADR LU BUTTERZOPF 930G HB;4
111405600200;FH IP BUTTERZOPF AM METER HB SW;4
111406000200;FH IP BUTTERZOPF 1300G HB;4
111466100200;FH IP HERCULES CLASSICO GANZ 1800G HB;4
160916100000;CREMDOR VANILLE 170ML;2
160916200000;CREMDOR CHOCOLAT 170ML;2
160916300000;CREMDOR STRACCIAT. 170ML;2
160916400000;CREMDOR CRUYERE 170ML;2
160916500000;CREMDOR CARAMEL 170ML;2
160916600000;CREMDOR ESPRESSO 170ML;2
160916700000;CREMDOR ALM SAL CAR 170ML;2
160916800000;CREMDOR CHEESECAKE 170ML;2
160370100000;CREMDOR CHEESECAKE 500ML;3
160370200000;CREMDOR COCO PAS OR 500ML;3
160370300000;CREMDOR CHILBI 500ML;3
160353500000;MEGASTAR CARAMEL 4ST;2
160353700000;EXOTIC 4ST;2
104485400000;M-Budget Rösti ;4
104475700000;M-Budget Kartoffelstock ;2
251200301000;SE M-CLAS ASC La.f oH 380;3
251200301100;SE Bio Lachsfil. m.H.300g;3
251104934000;SE M-CLAS MSC Kabj.f 360g;3
251104935000;M-CLAS MSC Skrei Rueckstk;3
251230100000;Bio Lachsfilet mit Haut;3
251105330000;M-CLAS MSC Dorschfilet neu: Kabeljaufilet;3
251104930000;M-CLAS MSC Kabeljrueckfil;3
251230300000;Bio Lachs Filet ohne Haut;3
251230000000;Bio Lachs Tranchen;3
251230100100;Bio Lachsschwanz m/H Knob;2
251200400000;M-CLAS ASC Lachsfilet;3
251107140000;M-CLAS MSC Schellfisch;3
251200600000;M-CLAS MSC Wildlachsfilet;3
251200300000;M-CLAS ASC Lachsfilet o.H;3
251200355000;M-CLAS ASC Lachsrueckenfi;3
251200347000;M-CLAS ASC Lachsfil oH GP;3
251200100000;M-CLAS ASC Lachs Tranchen;3
251200353100;M-CLAS ASC Lachsfil.Ahorn;2
251200353300;ASC Lachswuerfel Gemuese;3
251200352800;ASC Lachsschwfil Baerlau;3
251200353500;ASC Lachsfilet o/H Safran;3
251105540000;M-CLAS MSC Kabeljaubaggli;3
251104911100;MSC Kabelj gew Ratatouill;3
251200353200;ASC Lachsf gefu m Gemuese;2
251200353400;ASC Lachsstreifen o/HSKIN;3
251101800000;M-CLAS MSC Heilbuttfilet;3
251104931000;M-CLAS MSC Kabeljrueckfil;3
251106531000;M-CLAS MSC Seelachsrucken;3
251117130000;M-CLAS MSC Katfischfilet;3
251200102500;M-CLAS ASC Lachstranche 2;3
251200352900;ASC Lachsfilet mH SKIN;3
251200353000;ASC Lachsfilet o/H Skin;3
251200355500;M-CLAS ASC Lachsr.fi spez (Lachsrückenfilet);3
251411000000;M-CLAS Kraken ganz;3
251411010000;MSC Pulpo o/K Refresh FAM;3
251461700000;M-CLAS Kalmar;3
251400510000;SE Bio Crev Tail-off 240g;3
251400410000;SE Bio Crev Tail-on 240g;3
251426320000;SE M-CLAS MSC Miesmus 2kg;4
251462000100;Bio Crevetten gekocht;3
251462000300;Bio Crevetten gek ges;3
251426330000;M-CLAS MSC Miesmuscheln;4
251405530000;M-CLAS MSC Jakobsnuesse;3
251400833100;M-CLAS ASC Crev PD 180g;3
251406303200;SEL ASC Chil-Vanil Shrimp;2
251462130000;Bio GRI Crev.-Spiess mar.;3
251425001000;ASC Austern Nr. 3 / 6 Stk;3
251455940000;Kalmar Ringe 200g;3
251430800000;M-CLAS MSC Muscheln Knobl;3
251430400000;M-CLAS MSC Muscheln Gemue;3
251400600000;SEL ASC Crevetten Tail-On;2
251400840000;M-CLAS FW Crev.schwanz (regional);3
251400831000;M-CLAS ASC Crev tail-on;3
251414430200;ASC Crev Rosmar/Meersal;2
251400923000;ASC Crevetten roh 400g;3
251401101000;SE M-CLAS MSC Kaltw.crev.;2
251422600000;M-CLAS MSC Vongoles;3
251425000600;Austern Claire No3 6St SB;3
251400920100;Bio BT Crevetten Skin;3
160359800000;CREMDOR FIOR LATTE 1000ML;3
160359900000;CREMDOR CR. GRUYERE 1L;3
160360000000;CREMDOR IRISH CREAM 1L;3
160360100000;CREMDOR TROIS NOIX 1000ML;3
160360600000;CREMDOR JAMAICA 1L;3
160360800000;CREMDOR STRACCIATEL. 1L;3
160360900000;CREMDOR ESPRESSO 1L;3
160361100000;CREMDOR CAPPUC./CHOCO. 1L;3
160361300000;CREMDOR WALDBEEREN 1L;3
160366700000;CREMDOR WALNUT/MAPLE 1L;3
160366800000;CREMDOR PISTACHE 1L;3
160368300000;CREMDOR CARAMEL 1L;3
160368600000;CREMDOR CHOCOLAT 1L;3
160368900000;CREMDOR VAN. BOURBON 1L;3
104431100000;M-BUD BASMATI 1KG;4
104431200000;M-BUD RISOTTO 1KG;4
104431000000;M-BUD LANGKORNREIS PARB. 1KG;4
164024600000;V-LOVE BURGER;3
162558600000;MCLAS COUSCOUS BOWL TOFU;4
162558700000;MCLAS QUINOA BOWL MIT POULET;4
162558800000;VLOVE REISBOWL GEMUESE PLENTI;4
251114322000;SE Gelbfl.Thunfil 300g;3
251114300000;M-CLAS Thunfischfilet;3
251414300100;SEL Thunfischsteak Sesam;2
251114321900;SE Gelbflossenthunfischfilet 2Stk. SB;3
251336030000;M-CLAS MSC Kabeljaufi ges;3
251108300000;MSC Seeteufelfilet SB;3
251113800000;M-CLAS Makrelen;3
251115200000;M-CLAS Atlant. Sardinen;3
251107830000;M-CLAS MSC Rotbarschfilet;3
265608802300;Extra Himbeeren 250g;3
107119800000;Delizio Espresso Italiana 12 Kapseln;4
107119900000;Delizio Lungo Italiana 12 Kapseln;4
107120000000;Delizio Ristretto Italiana 12 Kapseln;4
107121400000;Delizio Espresso 12 Kapseln;4
107121500000;Delizio Ristretto 12 Kapseln;4
107121600000;Delizio Crema 12 Kapseln;4
107121700000;Delizio Decaffeinato 12 Kapseln;4
107121800000;Delizio Lungo Fortissimo 12 Kap.;4
107121900000;Delizio Lungo Leggero 12 Kapseln;4
107122600000;Delizio Espresso Intenso 12 Kapseln;4
107122700000;Delizio Vaniglia 12 Kapseln;4
107122800000;Delizio Caramello 12 Kapseln;4
107124400000;Delizio Nocciola 12 Kapseln;4
107179800000;Delizio Lungo Fortissimo 48 Kapseln;4
107179900000;Delizio Lungo Leggero 48 Kapseln;4
107182100000;Delizio Lungo Crema 48 Kapseln;4
107182200000;Delizio Espresso Classico 48 Kapseln;4
107184700000;Delizio Lungo Decaffeinato 48 Kapseln;4
107191900000;Delizio Ristretto Forte 48 Kapseln;4
107131400000;BIO Havelaar DEL Lungo 12er;4
107131500000;BIO Havelaar DEL Espresso 12er;4
107131600000;Delizio FE LE Cioccolato 12er;4
110180800000;Blévita BIO Classic Stange;4
110181000000;Blévita BIO Classic 6er;4
251108111000;Sélection MSC Seeteufelbäggli;3
102701700000;Patissier Schokoladenpulver;4
110523200000;Blévita Lemon & Pepper;4
110250300000;Party Apéritif-Gebäck 300g;4
110200500000;Party Brezel gesalzen 250g;4
110200300000;Party Sticks gesalzen 250g;4
110272100000;SE Party Cracker gesalzen XXL 360g;4
110272000000;SE Party Pizza Cracker XXL 450g;4
110230100000;Party Crackers gesalzen 210g;4
110201900000;Party Gruyère Crackers 150g;4
110231100000;Party Jungle Pretzels 180g;4
110231900000;Party Turtles 150g;4
110230800000;Party Pizza Crackers 150g;4
110230200000;Party Sticks Kichererbse/Paprika 120g;4
110230600000;Party Sticks Thymian Salz 120g;4
110230500000;Party Sticks Randen Chia 120g;4
110231300000;SE Party Sticks Randen/Chia XXL 240g;4
110231400000;SE Party Sticks Thymian/Salz XXL 240g;4
101409100000?;Party BBQ Mandeln 180g?;4
101413900000?;Party Crunchy Mais 150g?;4
101403400000?;Party Nussmischung Sultaninen 200g?;4
101403900000?;Party Pistazien 250g?;4
101404000000?;Party Pistazien 500g?;4
101417600000?;Party Fun Balsamico-Mix 200g?;4
101417700000?;Party Fun Erbsen mit Sriracha 170g?;4
101418000000?;Party Fun Erbsen mit Wasabi 170g?;4
101417800000?;Party Fun Favabohnen Chili-Lime 150g?;4
101417900000?;Party Fun Favabohnen Pizza 150g?;3
101403000000?;Party Nussmischung 200g?;3
101406500000?;Party Nussmischung geröstet 200g?;3
101406300000?;SE Party Nussmischung 500g?;4
101406200000?;SE Party Pistazien 750g?;4
251200301500;MB ASC Lachsfilet m/H 2x150g;3
110101000000;Blévita mini Paprika;3
104243500000;Farmer Maple Syrup Pecan ;3
101550500000;V-Love Clouds Raspberry;3
113669200000;STUDENTENSCHNITTE 320G;4
113106900000;BIRNWEGGLI 3ER;4
113641000000;LINZERSCHNITTE 360G;5
113127000000;NUSSROLLEN 4ER;4
113642000000;BIRNWEGGEN 400G;4
113665700000;RUSSENZOPF 330G;4
113611800000;BRIOCHE ST.GERMAIN 330G;4
113345500000;MC LINZER TORTE 400G;4
113646800000;MANDELSTOLLEN 330G;4
113620100000;DAENENSTOLLEN 300G;4
113304500000;MC APRIKOSEN-TORTE 400G;4
113187000000;SPITZBUBE 75G;4
113184300000;PFAFFENHUT 105 G;4
110406000000;HASELNUSS-CARRE 90 G;4
113124200000;MANDELGIPFEL;4
113188700000;VOGELNESTLI 75G;4
113220100000;SPITZBUBE SAISON 75G;4
113283000000;MINI LEMON CAKE 90G;4
113283100000;MINI SCHOGGI CAKE 90G;4
110434900000;ST. GALLER BIBERLI 90 G;4
113283200000;MINI TIROLER CAKE 90G;4
113544000000;HIMBEER-ROULADE 330 G;3
113819200000;MC HIMBEER-ROLLEN 150G;3
113549500000;MARMOR-ROULADE 310 G;2
113818500000;MC ZITRONEN-ROLLEN 150G;3
114013500000;BERLINER GESTAUBT 4ER;3
114013700000;BERLINER GESTAUBT 2ER;4
114013800000;BERLINER GEZUCKERT 2ER;4
114040000000;MINI SCHENKELI;4
114090900000;ZIGERKRAPFEN 2ER;4
110434500000;APPENZELLER BIBERLI 75 G;4
110435100000;ST. GALLER BIBERLI 6ER;4
110436500000;BIBERFLADEN GEFUELLT 500 G;4
110407000000;BIBERFLADEN UNGEFUELLT 2ER;4
113220800000;MC SCHOKOLADEN CAKE;4
113220700000;MC ZITRONEN CAKE;4
113280000000;KAKAO GUGELHOPF;4
113278700000;MC DESSERT-PREUSSEN 360G;3
113299100000;MC LEG DESSERT PREUSSEN 220G;3
113315000000;ENGADINER NUSSTORTE CL 500G;4
113272000000;GROSIS TIROLER CAKE;4
113270000000;GROSIS ZITRONEN CAKE 350G;4
113240500000;GROSIS FINANCIER-CAKE;4
113264800000;GROSIS SCHOGGI CAKE 420G;4
113252000000;GROSIS MARMOR CAKE 360G;4
113221500000;GROSIS RUEBLI CAKE 350G;4
113231100000;BANANA BREAD 320G;4
110108900000;HASELNUSS-VOGELNESTLI CL 12STK;4
110110100000;SPITZBUBEN NORMAL CL 9STK;4
110110800000;LOEFFEL-BISCUITS CL;2
110109200000;AMARETTI CL 9STK;3
110109800000;KOKOS-MAKRONEN CL 6STK;4
110110300000;MARMOR-BUTTER-ROSETTEN CL 9STK;3
110109500000;HASELNUSS-MAKRONEN CL 9STK;3
110109300000;AMARETTI GEFUELLT CL 4STK;3
110110600000;WIENER WAFFELN CL 6STK;4
111416500000;PB Birnbrot 550g;4
110400700000;PB Samichlaus gross 2er;4
114020100000;Fasnachtschuechli  6/216g;2
114020000000;Mini Fasnachtschuechli 90;2
114020300000;Herbstchuechli 80g;2
113253600000;MB ZITRONEN CAKE 400G;4
113253700000;MB MARMOR CAKE 400G;4
113119600000;MB LINZER-TOERTLI 2ER 150G;4
200699100000;M-CLAS Cottage Cheese Gurke & Kräuter;3
274450002300;Kartoffeln mehligkochend 1kg;5
274460002300;Kartoffeln festkochend 1kg;5
274461002300;Kartoffeln Racette 1kg;5
274462003300;Frühkartoffeln 2.5kg;5
274450603300;Kartoffeln Frites 2.5kg;5
274461003300;Kartoffeln Raclette 2.5kg;5
274451003300;Kartoffeln Baked 2.5kg;5
274461202600;Sélection Kartoffeln Raclette 1kg;5
274486002300;Bio Kartoffeln festkochend 1kg;5
274485002300;Bio Kartoffeln mehligkochend 1kg;5
274486202300;Bio Frühkartoffeln 1kg;5
274486003300;Bio Kartoffeln festkochend 2.5kg;5
274460103300;Kartoffeln festkochend neue Ernte 2.5kg;5
274486102300;Bio Kartoffeln festkochend neue Ernte 1kg;5
271480702300;Bio-Cherrytomaten;4
265680502400;Bio Himbeeren;3
271481302300;Bio Rispentomaten ;4
264681502300;Bio Datteln;4
271484502300;Bio Tomaten Marsanino;4
274486308500;Bio Patatli;4
264880502300;Bio-Feigen blau;3
260581004100;Bio Birne Gute Luise;4
263382508700;Bio Blondorangen;4
266080309300;Bio Baumnüsse;4
274580302300;Bio Karotten;4
266080109400;Bio Erdnüsse;4
270888402300;Bio Mungosprossen;4
271880702500;Bio Kräuterseitling;2
270480309300;Bio Chicorée;4
271880502400;Bio Champignons braun;3
270813102300;Triosalat;4
270813102300;Triosalat;5
270881002200;Bio Kresse;2
200604600000;MB Cottage Cheese 750g;3
200699800000;MB Cottage Schnitt 500g;3
200803100000;MB Magerquark 500g;4
200801200000;MB Rahmquark 250g;3
 122289300000;SUN QUEEN ORANGE-MANGO 1L;4
 122289400000;SUN QUEEN ORANGE 1L;4
 122289500000;SUN QUEEN ORANGE 6X1L;4
 122289700000;SUN QUEEN MULTIVITAMIN 1L;4
 122289800000;SUN QUEEN MULTIVITAMIN 6X1L;4
 122289900000;SUN QUEEN BIRNE 1L;4
 122290000000;SUN QUEEN PFIRSICH 1L;4
 122290100000;SUN QUEEN COCKTAIL 1L;4
 122290200000;SUN QUEEN MANGO 1L;4
 122290300000;SUN QUEEN ROTE BEEREN 1L;4
275380711400;BIO Radieschen 125g;4
120293500000;Kult Ice Tea Mate 50cl PET;4
275480311600;Bio Spargeln grün 750g;5
275480311400;Bio Spargeln grün 500g;5
275480111500;Bio Spargeln weiss 750g;5
275480111400;Bio Spargeln weiss 500g;5
120291200000;Kult Ice Tea Pfirsich Zero 1L;4
120291300000;Kult Ice Tea Pfirsich Zero 6x1L;4
120927500000;Bio Ice Tea Früchtezauber 1L;4
120927600000;Bio Ice Tea Früchtezauber 6x1L;4
120927700000;Bio Ice Tea Alpenkräuter o. Zucker 1L;4
120927800000;Bio Ice Tea Alpenkräuter o. Zucker 6x1L;4
251434112000;Sashimi Lachs Stueck;2
107109200000;Exquisito Decaf gem 250g;3
107109300000;Exquisito Decaf Bohnen 500g ;3
107119500000;Exquisito Extra Mild gemahlen 250g;3
107108000000;Exquisito Crema mild Bohnen 1kg;4
107106200000;Exquisito Crema mild Bohnen 500g;3
107107600000;Exquisito Crema mild gemahlen 500g;3
107106600000;Exquisito Crema Bohnen 500g;3
107102600000;Caruso Oro Bohnen 500g;3
107102700000;Caruso Oro gemahlen 500g;3
107104400000;Caruso Imperiale Crema Bohnen 1kg;4
107114300000;CARUSO ESPRESSO CLASSICO B 1KG 8ER;4
107114700000;CARUSO ESPRESSO CLASSICO G 500G 12ER;3
107114500000;CARUSO ESPRESSO CLASSICO G 250G 14ER;3
107116400000;CARUSO ESPRESSO CLASSICO P 56 PORTIONEN;4
107105100000;CARUSO ESPRESSO GUSTOSO B 500G 12ER;3
107105200000;CARUSO ESPRESSO AROMATICO B 500G 12ER;3
107105300000;CARUSO RISTRETTO INTENSO B 500G 12ER;3
200801000000;M-CLAS Rahmquark;3
200801600000;M-CLAS Halbfettquark 250g;3
200802000000;M-CLAS Magerquark 250g;3
200802400000;Bio Halbfettquark 250g;4
200802500000;Bio Magerquark 250g;4
113616400000;M-Classic Biscuit-tortenboden 370g;3
104602500000;M-Classic Reismehl;4
102531000000;V-Love Cake;4
104412800000;BIO MISTER R. CARNAROLI;4
104412900000;Bio MH Mister Rice Jasmin;4
104413100000;BIO MISTER R. BASMATI;4
104413500000;BIO MISTER R. JASM. LINS.;4
TBD (Vorgänger 104429000000);BIO MISTER R. BASM. QUIN.;4
TBD (Vorgänger 104429200000);BIO MISTER R. VK BASMATI;4
104413000000;Bio MH Mister Rice Basmati;4
TBD (Vorgänger 104441400000);BIO MISTER R. VOLLK.BRAUN;4
104413400000;BIO MISTER R. NATURA;4
TBD (Vorgänger 1044032000009;BIO MISTER R. CAROLINA;4
TBD (Vorgänger 104424800000);BIO MISTER R. WILD RICE;4
TBD (Vorgänger 104440000000);BIO MISTER R. QUICK RICE;4
TBD (Vorgänger 104412700000);BIO MH MISTER R.JASM. MIX 500g;4
115057600000;AB Pinsateig 500g;4
110155500000;CREA D'OR BRETZELI;2
110104700000;CREA D'OR MANDELPLAETZLI;2
110104900000;CREA D'OR VANILLE KIPFERL;3
110104300000;CREA D'OR BUTTERSNACKS;3
110146400000;CREA D'OR FLORENTIN 100G;3
110104800000;CREA D'OR NOBILE;2
110136000000;CREA D'OR AMANDE NOIRE;2
110144700000;CREA D'OR ASSORT. 200G;2
110107900000;CREA D'OR NOISETTE;2
110540200000;CREA D'OR MINI ASSORT.;3
110134400000;CHOCMI RONDO 100G;3
110574400000;THE BISCUIT FAMILY 220G;2
162527300000;BIO K WEIDEBEEF LASAGNE;3
105251200000; M-BIO BERRY, NUT, SOYBEAN 170g;4
101418400000;BIO CASHEWS HONIG & SALZ ;3
105361300000;BIO KNOSPE MANDELN;4
105250800000;BIO KNOSPE ARONIABEEREN CH UNGESÜSST;3
105350800000;SQ CASHEW GERÖSTET;4
105246100000;YOU FIGHTER MIX;3
101418500000;Party Hot Spicy Beans;4
104483000000;BIO K ROESTI ORIG. 500G;4
104243600000;FARMER PLUS CRANBERRY;3
104243700000;FARMER PLUS BLUEBERRY;3
104242000000;FARMER JUNIOR HEIDELBEER;3
104240400000;FARMER JUNIOR ERDBEER;3
104241700000;FARMER BROMBEERE APFEL;3
104241300000;FARMER S HIMBEER ;3
104241100000;FARMER BROWNIE;3
104242900000;FARMER S APFEL-40%;3
104240900000;FARMER S SPORT;3
104429800000;M-SELEC ROTER REIS 250G;4
104430700000;M-SELEC RISO NERO 250G;4
104553000000;M-Classic Waldpilzmischung 50G ;3
110595400000;YOU GRANOLA BITES COCOA;4
110555700000;M-BUD MINI COOKIES T;4
110515600000;BIO K CARAMEL BISCUITS;4
110519200000;BIO WEIHNACHTSMISCHUNG;4
110124700000;"	BIO ZIMTSTERNE 200G";4
110572400000;"	V-LOVE SPITZBUBEN 200G";4
110124600000;BIO MAILAENDERLI 200G;4
110575200000;V-LOVE ZIMTSTERNE 220G;4
105311200000;M-CLAS HASELNUESSE GEM.;4
105379000000;M-CLAS KOKOSRASPELN 200G;4
105330100000;M-CLAS MANDELN GEM.+GES.;4
105331000000;M-CLAS MANDELN GEMAHLEN;4
105333200000;M-CLAS MANDELN GESCH 200G;4
105332000000;M-CLAS MANDELN GESTI.200G BTL;4
105333300000;M-CLAS MANDELSCHEIBEN 200G BTL;4
105260000000;M-CLAS SULTANINEN 300G;4
105276800000;M-CLAS SULTANINEN HELL;4
110515500000;BIO K ZITRON. DINK. SABLE;4
110112300000;BLEVITA SANDW.JOGH./WALDB;4
110112400000;BLEVITA SANDW. KRAEUTER;4
110115300000;BLEVITA GRUYERE 6PRT;3
110126600000;BLEVITA SANDWICH CHOCO;4
110127500000;BIO BLEVITA SANDW.SOUR CR;4
110137300000;BIO BLEVITA SPINAT BASIL.;3
110140700000;BLEVITA PURE ALPENKRAEUT.;4
110140900000;BLEVITA PURE ALPENCHILI;4
110141100000;BLEVITA PURE KAESE 180G;4
110141800000;BLEVITA PURE PEPERON.OREG;4
110144400000;BLEVITA MAIS & CHIA;3
110165900000;BLEVITA DARK CHOCO & THYM;3
110168100000;BLEVITA RUEEBLI-KUERBIS;3
110169300000;BLEVITA CHOCO+SESAM 6PRT;3
110177500000;BLEVITA THYM/MEERS. PRT;3
110179700000;BLEVITA SANDWICH TOM-MOZZ;4
110180400000;BLEVITA CHIA-RANDEN;3
110180500000;BLEVITA MILCHREIS/ZIMT;3
110181100000;BLEVITA ORIGINAL 6PRT;3
110181200000;BLEVITA SESAM 6PRT;3
110181300000;BLEVITA TOM./BAS. PRT;3
110181400000;BLEVITA KUERBISKERNE;3
110515000000;BIO BLEVITA SANDW. CURRY;4
110520400000;BLEVITA HAFER SESAM;3
110520600000;BLEVITA HAFER ROSA PFEFF.;3
110521700000;BLEVITA SALT & VINEGAR;3
110521900000;BLEVITA PROT. KAKAO;4
110522000000;BLEVITA RICE CRACKER MOHN;3
110522100000;BLEVITA RICE CRACKER KOKO;3
110522200000;BLEVITA PROT. HASELNUSS;4
110522500000;BLEVITA FLAMMKUCHEN;3
110522600000;BIO K BLEVITA CLASSIC 6PR;3
110523100000;BLEVITA HOT & SMOKY PAPR.;3
110523300000;BLEVITA SW LE MARRONI;4
110523400000;BLEVITA PURE SAUERTEIG;4
110519200000;BIO WEIHNACHTSMISCHUNG;4
110124700000;BIO ZIMTSTERNE 200G;4
110124600000;BIO MAILAENDERLI 200G;4
110572400000;V-LOVE SPITZBUBEN 200G;4
100110000000;FREY NOISETTES;4
100124500000;FREY LAIT EXTRA;4
100124700000;FREY NOXANA LAIT;4
100125000000;FREY TOURIST;4
100203200000;FREY GIANDOR;4
100121300000;FREY NOIR SPECIAL 72%;4
100203400000;FREY PRALINOR;4
100123800000;FREY NOXANA BLANC;4
100141100000;FREY BLANC;4
100143000000;FREY CREMANT 55%;4
100115100000;FREY LAIT;4
100124800000;NOISETTES LAIT EXTRA ;4
100124900000;FREY AMANADES ;4
100224500000;FREY CRÈME AU LAIT;4
100120900000;FREY NOXANA NOIR;4
100100600000;FREY KOCHSCHOKOLADE;4
100148800000;SUPREME CRANBERRY, ORANGE & MIEL;3
100105700000;SUPREME NOIR AUTHENTIQUE 78%;3
100104900000;SUPREME NOIR SATIN 69%;3
100146400000;SUPREME NOIR EXTRA 85%;3
100113300000;SUPREME NOIR AMANDES & CARAMEL SALÉ;3
100146500000;SUPREME NOIR TROIS NOIX;3
100113500000;SUPREME NOIR NOISETTES;3
100119400000;SUPREME LAIT TROIS NOIX;3
101553500000;CRUNCHY CLOUDS MANDELN MILCH 150G;3
101553600000;CRUNCHY CLOUDS BEERENMIX 150G;3
101553100000;CRUNCHY CL. KOKOS DARK 150G;3
101553200000;CRUNCHY CL. SEA SALT DARK 150G;3
101554500000;CRUNCHY CLOUDS MANGO 150G;3
101553400000;CRUNCHY CLOUDS HASELNUSS MILCH 150G;3
101553300000;CRUNCHY CL. COOKIES 150G;3
101553900000;SE CRUNCHY CLOUDS MANDELN MILCH 300G;3
101565200000;CRUNCHY CLOUDS APFELSTRUDEL 150G;3
101562100000;CRUNCHY CLOUDS MAND. DKL 150G HERBST;3
101728900000;WICHTEL FIGUR TOMTE 100G;4
101729000000;WICHTEL FIGUR NILS 75G;4
101729100000;WICHTEL FIGUR JULE 75G;4
101729200000;WICHTEL STANGE JULE, TOMTE & NILS 3X17G;2
101729300000;WICHTEL SPRUSO KUGELN JULE, TOMTE & NILS 200G;4
101734700000;FREYLINI KUGELN CHOCO WHITE CREAM LE 200G;4
101768500000;V-LOVE ADVENTSKALENDER 297G;2
101774100000;FREY NORDIC ADVENTSKALENDER 273G;1
101781600000;FREYLINI KUGELN DARK ORANGE 200G;4
101781800000;FREYLINI SPECIAL MIX 480G;4
104247500000;Farmer S LE Marroni;3
104248000000;Bio Farmer Crunchy Schokolade;3
104242100000;Farmer Choc Natural;3
104241600000;Farmer Choc Biscuit;3
104247100000;Farmer Nuts Mandel-Haselnuss;3
104247300000;Farmer Nuts Mandel-Feige;3
104247600000;Farmer Nuts Choco Cashew;3
104242200000;Farmer Crunchy Honig;3
104248100000;Bio Farmer Crunchy Haselnuss;3
104240800000;Farmer Joghurt;3
101912300000;M-BUD CHIPS NATURE 350G;4
101912200000;M-BUD CHIPS PAPRIKA 350G;4
101911700000;M-BUD WAVE CHIPS PAPRIKA;3
110166000000;YOU COOKIES CRANBERRY;4
110182000000;BIO VOLLKORN NUSSSTENGELI;4
110515700000;BIO K DINKELBISCUITS ROSINEN;4
210118000000;Bio Gruyere gerieben 120g;3
110540400000;CREA D'OR BRETZELI;2
110540500000;CREA D'OR VANILLE KIPFERL;3
110540600000;"	CREA D'OR FLORENTIN 100G";3
110540700000;CREA D'OR NOBILE;2
107175800000;M-CLAS ROMA 20KAP;5
107175900000;M-CLAS LUNGO 20KAP;5
107176200000;M-CLAS DECAFFEINATO 20KAP;5
107176300000;M-CLAS ESPRESSO 20KAP;5
107176500000;M-Budget NES Kaffee 30 Kapseln;5
101707400000;WICHTEL ADVENTSKALENDER IDA, NILS & MIKA 126G;2
275400511400;SPARGELN WEISS    BD 1KG;4
275400511600;SPARG. WEISS EUR. BD 750G;4
275401911800;SPARG. GRUEN EUR. BD 750G;4
275402411300;SPARG.GRUEN FEIN  BD 400G;4
104242600000;AHA FARMER WALDBEERE;3
104240700000;FARMER S MILCH 174G;3
104241200000;FARMER S MILCH&ERDB. 174G;3
104240600000;FARMER S CHOC APFEL 288G;3
104241400000; FARMER S CHOC NOIR 252G;3
104241000000;FARMER S CHOC KOKOS;3
104241500000;Farmer Soft Choc Orange;3
251118800000;Schwertfisch;3
111714470000;AF Buns m. Sesam 6/300g;4
111714170000;AF Buns 6/300g;4
111714650000;AF XXL BUNS 4ER;4
113211700000;M-Budget Zitronentörtchen;3
111477800500;VL IP Grittibaenz 120g;4
100926500000;For You Pralinés Crunchy Cacao;2
100926400000;For You Pralinés Creamy Hazelnut;2
130705700000;Bio Apfelsaft 75cl;4
130714900000;Bio Apfelsaft 33cl;3
130510700000;AB Chicken Teriyaki 400g;2
138150200000;Bio Knospe Gerstensuppe 500ml;4
138150300000;Bio  Knospe Hüttensuppe 500ml;4
138150400000;Bio Knospe Tomatensuppe 500ml;4
138150500000;Bio Knospe Kuerbissuppe 500ml;4
138150600000;Bio Knospe Karottensuppe500ml;4
138150900000;Bio Knospe Erbsensuppe 500ml;4
130542900000;Neuheit: Bio Knospe Gemüsesuppe 500ml;4
138150700000;Bio Knospe Kuerbissuppe Cup 300 ml;3
138150800000;BioKnospe Tomatensuppe.Cup300ml;3
130542600000;Bio Knospe Linsen-Suppe Cup 300ml;3
130549500000;Neuheit: Bio Knospe Minestrone 300ml;3
160384600000;M-SELEC FIOR DI LATTE 450ML;3
130136900000;Bio Knospe Agnolotti Arrabbiata 250g;4
130102600000;Bio Knospe Pasta fresca 300g;3
130134300000;Bio Knospe Fiori Kürbis Salbei 250g;4
130134400000;Bio Knospe Fiori Zitrone Thymian 250g;4
130134600000;Bio Knospe Fiori Ricoatta Spinat 250g;4
130136700000;Bio Knospe Girasoli verdure;4
130208600000;AB Pizza Raclette;3
130608600000;Bio Sugo pomo. 280ml;3
130122300000;Bio Knoepfli 500g;4
130122400000;Bio Eierspaetzli 500g;4
130124700000;Bio Eierspaetzli 300g;4
130124800000;Bio Kuerbisspeatzli 300g;4
130125000000;Bio Baerlauchspaetz. 500g;4
165043100000;V-LOVE FILET GOURMET 225G;2
131100900000;Bio K Linsen;3
131119500000;Bio kuerbis 400g roh;3
131131500000;Bio K Rotkraut gekocht 500g;4
131131600000;AB Sauerkraut roh 750g;4
131135200000;M-Budget Gemüsemischung 500g;4
131135000000;Bio Grill BBQ-Mix Kartoffeln;3
131135100000;Bio Grill BBQ-Mix;3
131135400000;Bio Gemüse-Spaghetti Zucchetti;3
131135500000;Bio Gemüse-Spaghetti Kürbis;3
131135600000;Bio Bolo Mix;3
131101800000;Bio Sous-vide Bulgur 350g;4
131101900000;Bio K Kiichererbsen 350g;4
131102300000;Bio K Belugalinsen 350g;4
109107200000;FATTO OEKO 8L;5
109106900000;FATTO SILICA 8L;4
109104900000;FATTO NATURAL NCL 10L;5
109107000000;FATTO FOREST 10L;5
109106300000;FATTO SIGNAL 8L;4
109107100000;FATTO ULTRA BRILLIANT 6L;5
109105400000;FATTO PLUS 10L;5
271403502500;Cherrytomaten am Zweig;4
113114300000;VL Weihnachtsspitzbube 75;4
130564100000;AB Hoernli Gratin 300g;2
130532800000;AB Beef Momos;3
130533300000;AB  Spinach Cashew Momos;3
100146300000;SUPREME ECLATS PISTACHE;3
100118300000;SUPREME AMANDES/MYRTILLES;3
100105400000;SUPREME BOUQ.ORANGE 100G;3
100151700000;SUPREME PERU 77% CACAO;3
100122000000;TOURIST CREMANT 100G;3
100122300000;TOURIST BLANCA 100G;3
100202900000;GIANDOR NOIR 100G;3
100201900000;GIANDOR CRUN. ALMOND 100G;3
100201300000;GIANDOR WEISS 100G;3
100120000000;SPLENDOR 100G;3
100113200000;SUPREME LAIT AMANDES 180G;3
100200300000;LES ADORABLES CREMETTA;3
100200400000;LES ADORABLES MOCCA GEF.;3
100203600000;LES ADORABLES TRUFFES;3
100203700000;LES ADORABLES PISTACHE;3
100206000000;LES ADORAB.MARC DE CHAMP.;3
100206200000;LES ADORABLES STRACCIATE.;3
100207000000;LES ADORABLES CARAMEL;3
100262500000;LES ADORABLES TRUFFES NOI;3
100100300000;MILCH NUSS 400G;4
100115000000;MILCH 400G;4
100131100000;MILCH EXTRA 400G;4
100131500000;CREMANT 55% 400G;4
100131200000;NOXANA MILCH 400G;4
100131300000;TOURIST MILCH 400G;4
100121700000;NOIR SPECIAL 72% OZ 100G;3
100130400000;MILCH EXTRA O.ZUCKER 100G;3
100130800000;NOXANA O. ZUCKER 100G;3
100232000000;GIANDOR O.ZUCKER 100G;3
100151600000;SUPREME REP.DOM.83% CACAO;3
100116500000;SUPREME CARAMEL SALE 100G;3
100154100000;SUPREME NOIR INTENSE 100G;3
100153700000;SUPREME NOIR CARAMEL SALE;3
131110100000;AB Hummus nature ;3
131110200000;AB Hummus Basil;3
131110300000;AB Hummus Chili ;3
131110400000;AB Hummus Randen;3
131110500000;AB Hummus Gr. Veg.;3
131110600000;AB Hummus Sweet P.;3
131110700000;MB Hummus nat.;3
131110800000;Bio Hummus Nature;3
104044500000;BIO K SPAGHETTI 500G;4
104044700000;BIO K. SPIRALEN 500G;4
104044900000;BIO K. TAGLIATELLE 3-EI 5;4
104064600000;BIO K. CHINESISCHE NUDELN;4
104064900000;BIO K. HOERNLI FEIN 500G;4
104131000000;BIO K VOLLKORN PENNE 500G;4
104131300000;BIO K. VOLLKORN SPIRALEN;4
104131400000;BIO K. VOLLKORN SPAGHETTI;4
104155600000;BIO K. PENNE QUINOA 500G;4
104155800000;BIO K. VOLLK.SCHWINGERHOE;4
130607200000;Bio Slasa Cinque Pi 280ml;3
130908900000;Cornatur Schnitzel;2
130915000000;Cornatur Crispy Burger;2
100503200000;Sitzhase Milch, 40g;3
100521800000;BIO K FT HASE LAMPINO MIL;3
100522000000;BIO K FT HASE LAMPINO MIL;4
100521900000;BIO K FT HASE LAMPINO NOI;3
100522200000;BIO K FT HASE LAMPINO NOI;4
100522300000;BIO K FT HASE LAMPINO WEI;4
100521600000;V-LOVE BUNNY CLASSIC 100G;4
100521200000;V-LOVE BUNNY COCOS 100G;4
100111600000;M-BUD Cacao Orange 100g;2
100111500000;M-BUD 71% Cacao 100g ;3
161620300000;Bio K Kürbis 500g;4
104141500000;M-CLAS SPAGHETTI 500G;4
104141600000;M-CLAS FUSILLI 500G;4
104143300000;M-CLAS PENNE 500G;4
104143400000;M-CLAS CONCHIGLIETTE 500G;4
104143500000;M-CLAS DENTI ELEFANT 500G;4
158562500000;M-Budget Tortillas Weizen 490 g;4
158562600000;M-Budget Tortillas Vollkorn 490 g;4
158562700000;M-Budget Salsa Dip mild 315 g;2
158562800000;M-Budget Salsa Dip scharf 315 g;2
158560000000;Tortillas Weizen 320 g;3
158560100000;Tortillas Vollkorn 320 g;3
158560200000;Tortillas Randen 370 g;3
158560300000;Tortillas Karotten 370 g;3
158560400000;Sour Cream Dip 300 g;2
158560500000;Cheese Dip 300 g;2
158560600000;Guacamole Dip 300 g;2
158560700000;Chipotle Dip 300 g;2
158560800000;Salsa Dip mild 315 g;3
158560900000;Chunky Salsa Hot 330 g;2
158561000000;Red Chili Sauce Extra Hot 200 g;2
158561100000;Smokey Sweet Hot Sauce 130 g;2
158561200000;Lemon Chili Hot Sauce 130 g;2
158561300000;Spicy Mango Salsa 270 g;2
158561400000;Habanero Salsa 270 g;2
158561500000;Blueberry Salsa 315 g;2
158561600000;Ananas Salsa 300 g;2
158561700000;Fajita Mix 30 g;2
158561800000;Burrito Mix 40 g;3
158561900000;Taco Mix 28 g;2
158562000000;Sliced Jalapeños 230g;3
115060000000;M-Budget XL Pizzateig;3
160108800000;M-CLAS BUTTERGIPFEL 660G;4
131190100000;AB Oliven Weichkaese ;3
131190200000;AB Oliven Knoblauch  ;3
131190300000;AB Oliven Diabolo;3
131190400000;AB Oliven Provencale ;3
131190500000;AB Olives Queen ;3
131190800000;MB Oliven Mix;3
131190700000;Bio Oliven nature ;3
131190600000;Bio Oliven Zitrone ;3
folgt;M-Classic Cottage Cheese Nature 450g;3
1309.088.000.00;VL SEA ST. STICKS 300G;2
1309.177.000.00;BIO AHA TOFU NATURE 250G;4
1309.150.000.00;CO CRISPY BURGER 180G;2
1309.286.000.00;VL GRI Pizza Sausage;4
1309.161.000.00;VL GEHACKTES 300G;3
1309.274.000.00;MB TOFU NATURE 300G;4
1309.287.000.00;VL GRI Chili Sausage;4
1309.081.000.00;CO SPINAT SCHNITZEL 200G;2
1309.279.000.00;COQ GRI BBQ Steak;3
1309.158.000.00;VL GRILLWURST 200G;4
1309.156.000.00;VL BURGER 220G;3
1309.283.000.00;VL MINI STICKS 110G;3
1309.284.000.00;VL MINI STICKS PEPPER110G;3
1309.269.000.00;VL TATAR 170G;3
1309.270.000.00;COQ STROGANOFF 280G;3
1309.089.000.00;CO SCHNITZEL 340G;2
1309.260.000.00;VL BRATWURST 250G;4
1309.226.000.00;VL WUERSTCHEN 200G;4
1309.259.000.00;BIO VL PUMPKIN BURGER160G;1
115094500000;AB Apfel-Zimt Teig 500g;4
115094600000;AB Schokolinsen Teig 500g;4
113637000000;SEL Hefestollen 480g;4
130907200000;Falafel V-Love 15 Stk 180g;3
130921900000;V-Love Falafel Mix 16 Stk 200g;3
130917400000;V-Love Mortadella mit Pistazien 80g;1
251462120000;Grill mi Bio Crevettenspiess;3
110100300000;BAERENTATZEN 380G;4
110100600000;M-CLAS BUTTERLI 230G;4
110101500000;KOKOS MAKROENLI 310G;4
110101700000;MEILENER-ROLLEN 275G;4
110101800000;MERINGUES-SCHALEN 107G;2
110102200000;M-CLAS MARIE CROCCANT;4
110102500000;PETIT BEURRE 230G;4
110102600000;M-CLAS RAEDLI GEBAECK;4
110102800000;SCHUEMLI 145G;3
110102900000;MERINGUES MINI 100G;2
110104100000;NUSS-STENGELI 500G;4
110104500000;NUSS-STENGELI 270G;4
110106600000;M-CLAS CARRE ABRICOTS;3
110110400000;M-CLAS NOISETTE BUTTER-HA;4
110120400000;M-CLAS AMIGOS CHOCO MONKE;3
110127800000;CHOCO PETIT BEURRE 4X4PRT;4
110130400000;CHOCO-SCHUEMLI 175G;3
110130600000;CHOCMI ROCHER HELL 100G;3
110135900000;CHOC.PET.BEURRE BLANC;3
110136200000;M-CLAS AMIGOS HIMBEERE;3
110136300000;M-CLAS AMIGOS MILCH-SCHOK;3
110138100000;CHOC.PET.BEURRE HELL 150G;3
110138200000;CHOC.PET.BEURRE NOIR 150G;3
110139400000;M-CLAS JAPONAIS 115G;3
110150500000;M-CLAS CARRE AUX FRAISES;3
110180700000;M-CLAS HAFERLI GEBAECK;4
110182700000;PETIT BEURRE OZ CYCL.210G;4
110199200000;M-CLAS WIENER WAFFEL 150G;3
110530000000;CHOCMI KOWA CLASSICO;4
110530100000;CHOCMI KOWA NOIR;4
110530600000;CHOCMI KOWA BLACK&WHITE;4
110531100000;CHOCMI CARRE 100G;3
110565100000;M-CLAS AMIGOS KAKAO 125G;3
110570800000;MINI BAERENTATZEN 100G;3
110570900000;MINI NUSS-STENGELI 135G;4
130930400000;COQ Schnitzel im Käsemantel;3
130125100000;VL Bio Spaetzli 500g;4
130608600000;Bio Sugo pomo. 280ml;3
111200200000;Oh! Proteintoast;4
110173900000;HAPPY EASTER OSTERHASEN;4
110540300000;CREA D'OR ASSORT. 210G;3
101304900000;COATIES KARAMELLISIERTE MANDELN 50G ;3
101303100000;COATIES KAR. MANDELN 150G;4
101300300000;COATIES ORIGINAL 500G;4
101300200000;COATIES ORIGINAL 160G;4
101306000000;COATIES CAPPUCCINO 150G;4
101303500000;COATIES ZUCK. MAND. 150G;4
101305000000;COATIES SALZBREZEL 100G;3
101300700000;COATIES GES. CRISP. 150G;3
101303400000;SE COATIES KARAM. MAND. ;4
101302300000;SE COATIES ORIGINAL 1KG ;4
110172000000;VL SCHOGGI-KOKOSMAKROENLI 6STK;3
100148600000;DUETT JAPONAIS 100G;3
100148400000;DUETT CAFE 100G;3
100148500000;DUETT NOISETTES 100G;3
100126400000;FRIONE POWER MALT 100G;3
100126000000;FRIONE NOUGAT 100G;3
100110500000;RISOLETTO TAFEL 100G;3
100121200000;BAERNER SCHOGGI 100G;3
100132200000;BAERNER BAER 500G;3
100503400000;HASE MAHONY MILCH 100G;4
100503000000;HASE MAHONY MILCH 410G;4
101626500000;FANNIE BISCUIT & RICE CRISP 100G;4
101626600000;FANNIE STRACCIATELLA 100G;4
101626700000;FANNIE FRAMBOISE & SPRUSO 100G;4
113127800000;OSTERCHUEECHLI RB 2 STK 150G;3
113240600000;OSTERBLUME 180G;4
113127700000;OSTERCHUEECHLI OHNE SULTANINEN 2 STK;3
113129200000;OSTERCHUEECHLI MIT SCHOKOLADE 150G;3
110194100000;SPITZBUBEN OSTERN 4ER;4
110161200000;OSTERGUETZLI MIT ZITRONENFUELLUNG;4
113650200000;OSTERKUCHEN 475G;4
113130500000;OSTER LINZER-TOERTLI 75G;3
260232804100;Mini Aepfel       Ft h.;3
154000400000;Corned Beef 198G;2
154000300000;Corned Beef 340G;2
110567100000;M-CLAS WAFFELN BLACK&WHITE 190G;3
110567300000;M-CLAS WAFFELN MILCH 190G;3
110567500000;M-CLAS ROCHER MILCH 100G;3
110567700000;M-CLAS WAFFELN NOIR 190G;3
110567900000;M-CLAS CHOCO CARRÉ 100G;3
105363300000;BIO K SULTANINEN 400G;4
105363000000;BIO K HASELN. GEMA. 200G;4
105363200000;BIO K MANDELN GEMAHLEN 200G;4
105363500000;BIO K ZEDERNKERNE 100G;4
105363100000;BIO K KOKOSRASPELN GEM.200G;4
105353100000;BIO K PINIENKERNE 75G;3
105354300000;BIO K MANDELN GESCHAELT;4
200801700000;M-Budget Halbfettquark 500g;3
210119000000;Bio Gruyere Scheiben rez;3
200705800000;Bio Cottage Cheese 115g;3
200699200000;M-Classic Cottage Cheese Kürbis;3
101503600000;RISOLET. CLASSIC 42G STG;4
101597100000;RISOLETTO CLASSIC 5ST;4
101597300000;RISOLETTO DAILY SIZE 154G;3
101506300000;RISOLETTO MINIS CLASSIC;3
101506700000;RISOLETTO MINIS WHITE;3
101507600000;RISOLETTO SNACK 150G;4
101507700000;RISOLETTO MINIS ASS 210G;3
101503400000;SE RISOLETTO CLASS. 10x42G;4
101584800000;SE RISOL.CLASSIC MINI 840G;3
101512700000;SE RISOLETTO MINIS ASS.;3
101558500000;BRANCHES MILK 1ER;4
101558700000;BRANCHES MILK 5ER;4
101558800000;BRANCHE MILK 10ER;4
101588600000;BRANCHES DARK 5ER;4
101560700000;"BRANCHES WHITE 5ER
--> NEUHEIT/WIEDEREINFÜHRUNG";4
101559400000;BRANCHES MILK MINI 200G;3
101561100000;BRANCHES MILK MIDI 230G;3
101595500000;SE BRANCHES MILK 650G;3
101558400000;SE BRANCHES MILK 30ST;4
101589200000;SE BRANCHES DARK 30ST;4
101501300000;"SE BRANCHES WHITE 30ST
--> Name ändert von Bicolor auf White";4
101510700000;SE BRANCHES MILK 50ER;4
101593100000;SE BRANCHES DARK 50ER;4
110516100000;BIO BISCUIT MISCHUNG;4
200604200000;M-CLAS Cottage Cheese 450g;3
113111500000;AF TRIPLE CHOC COOKIE DUNKEL 76G;4
113108800000;AF COOKIE CLASSIC 76G;4
113652300000;PANDORO BEUTEL 500G;4
113654000000;PANETTONE BEUTEL 1000G;4
100102300000;LES DELICES CHOC'O'FARM;3
100120400000;LES DELICES RUBUBA 100G;3
100122100000;LES DELICES BLANC CROQUAN;3
100125600000;LES DELICES MANDOMIEL;3
100125800000;LES DELICES NOIR CROQUANT;3
100201200000;LES DELICES ORANGE 100G;3
100204600000;LES DELICES JAPONAIS 100G;3
203500200000;V-Love The Melty;3
203566500000;V-Love The Grated;3
130625300000;Anna's Best Saisonale Salatsauce Herbst/Winter;4
264681502300;Bio Datteln;3
113284000000;VL MINI MARMOR CAKE 90G;4
110435400000;ECHTER ST.GALLER BIBER;4
130271000000;M-Budget Pizza Margherita 1100g;3
130271200000;M-Budget Family Pizza don Giovanni 1kg;3
130271400000;M-Budget Pizza Margherita 430g;3
130271500000;M-Budget Pizza don Giovanni 430g;3
130449200000;VL Creamy Pretzel 62g;4
160347100000;M-Budget Almost Cookie 480 ml;4
160347200000;M-Budget Vanilla Caramel Sensation 480 ml;4
160347300000;M-Budget Double Date 480 ml;4
160354500000;M-BUD CORN. VANILLE 8ST;3
160354600000;M-BUD CORN. VAN/ERD 8ST;3
160354700000;M-BUD CORN. VAN/CHOC  8ST;3
160354100000;M-Budget Strawberry & Vanilla Mix 12ST;3
160311100000;FUN CORN. VAN/CHOC 6ST;3
160354300000;V-Love Seehund Vanille 12ST;3
130931500000;Bio Aha Tofu Zitronen/Thymian 250g;4
130931400000;Bio Aha Tofu Basilikum 250g;4
101404600000;Bio CH-Alpenkräuter Nussmischung;3
101416900000;M-Sélection Mandeln Piment d'Espelette Ltd.;3
251461103000;SEL ASC Crevetten ;2
;;
;;
;;
;;
;;
;;
;;
;;
;;
;;
;;
;;
;;
;;
;;
;;
;;
;;
;;
;;
;;
;;
;;
;;
;;
;;
;;
;;
;;
;;
;;
;;
;;
;;
;;
;;
;;
;;
;;
;;
;;
;;
;;
;;
;;
;;
;;
;;
;;
;;
;;
;;
;;
;;
;;
;;
;;
;;
;;
;;
;;
;;
;;
;;
;;
;;
;;
;;
;;
;;
;;
;;
;;
;;
;;
;;
;;
;;
;;
;;
;;
;;
;;
;;
;;
;;
;;
;;
;;
;;
;;
;;
;;
;;
;;
;;
;;
;;
;;
;;
;;
;;
;;
;;
;;
;;
;;
;;
;;
;;
;;
;;
;;
;;
;;
;;
;;
;;
;;
;;
;;
;;
;;
;;
;;
;;
;;
;;
;;
;;
;;
;;
;;
;;
;;
;;
;;
;;
;;
;;
;;
;;
;;
;;
;;
;;
;;
;;
;;
;;
;;
;;
;;
;;
;;
;;
;;
;;
;;
;;
;;
;;
;;
;;
;;
;;
;;
;;
;;
;;
;;
;;
;;
;;
;;
;;
;;
;;
;;
;;
;;
;;
;;
;;
;;
;;
;;
;;
;;
;;
;;
;;
;;
;;
;;
;;
;;
;;
;;
;;
;;
;;
;;
;;
;;
;;
;;
;;
;;
;;
;;
;;
;;
;;
;;
;;
;;
;;
;;
;;
;;
;;
;;
;;
;;
;;
;;
;;
;;
;;
;;
;;
;;
;;
;;
;;
;;
;;
;;
;;
;;
;;
;;
;;
;;
;;
;;
;;
;;
;;
;;
;;
;;
;;
;;
;;
;;
;;
;;
;;
;;
;;
;;
;;
;;
;;
;;
;;
;;
;;
;;
;;
;;
;;
;;
;;
;;
;;
;;
;;
;;
;;
;;
;;
;;
;;
;;
;;
;;
;;
;;
;;
;;
;;
;;
;;
;;
;;
;;
;;
;;
;;
;;
;;
;;
;;
;;
;;
;;
;;
;;
;;
;;
;;
;;
;;
;;
;;
;;
;;
;;
;;
;;
;;
;;
;;
;;
;;
;;
;;
;;
;;
;;
;;
;;
;;
;;
;;
;;
;;
;;
;;
;;
;;
;;
;;
;;
;;
;;
;;
;;
;;
;;
;;
;;
;;
;;
;;
;;
;;
;;
;;
;;
;;
;;
;;
;;
;;
;;
;;
;;
;;
;;
;;
;;
;;
;;
;;
;;
;;
;;
;;
;;
;;
;;
;;
;;
;;
;;
;;
;;
;;
;;
;;
;;
;;
;;
;;
;;
;;
;;
;;
;;
;;
;;
;;
;;
;;
;;
;;
;;
;;
;;
;;
;;
;;
;;
;;
;;
;;
;;
;;
;;
;;
;;
;;
;;
;;
;;
;;
;;
;;
;;
;;
;;
;;
;;
;;
;;
;;
;;
;;
;;
;;
;;
;;
;;
;;
;;
;;
;;
;;
;;
;;
;;
;;
;;
;;
;;
;;
;;
;;
;;
;;
;;
;;
;;
;;
;;
;;
;;
;;
;;
;;
;;
;;
;;
;;
;;
;;
;;
;;
;;
;;
;;
;;
;;
;;
;;
;;
;;
;;
;;
;;
;;
;;
;;
;;
;;
;;
;;
;;
;;
;;
;;
;;
;;
;;
;;
;;
;;
;;
;;
;;
;;
;;
;;
;;
;;
;;
;;
;;
;;
;;
;;
;;
;;
;;
;;
;;
;;
;;
;;
;;
;;
;;
;;
;;
;;
;;
;;
;;
;;
;;
;;
;;
;;
;;
;;
;;
;;
;;
;;
;;
;;
;;
;;
;;
;;
;;
;;
;;
;;
;;
;;
;;
;;
;;
;;
;;
;;
;;
;;
;;
;;
;;
;;
;;
;;
;;
;;
;;
;;
;;
;;
;;
;;
;;
;;
;;
;;
;;
;;
;;
;;
;;
;;
;;
;;
;;
;;
;;
;;
;;
;;
;;
;;
;;
;;
;;
;;
;;
;;
;;
;;
;;
;;
;;
;;
;;
;;
;;
;;
;;
;;
;;
;;
;;
;;
;;
;;
;;
;;
;;
;;
;;
;;
;;
;;
;;
;;
;;
;;
;;
;;
;;
;;
;;
;;
;;
;;
;;
;;
;;
;;
;;
;;
;;
;;
;;
;;
;;
;;
;;
;;
;;
;;
;;
;;
